time,cdo-sample-api_mem,cdo-sample-api_cpu,cdo-sample-api_delay,notification-service_mem,notification-service_cpu,notification-service_delay
1782883318,19480576.000000,0.000290,4.878378,39714816.000000,0.000465,4.813333
1782883348,19480576.000000,0.000313,4.878378,39714816.000000,0.000449,4.781457
1782883378,19480576.000000,0.000273,4.878378,39714816.000000,0.000515,4.781458
1782883408,19480576.000000,0.000234,4.813333,39714816.000000,0.000544,4.750000
1782883438,19480576.000000,0.000266,4.813333,39714816.000000,0.000503,4.750000
1782883468,19480576.000000,0.000210,4.813333,39718912.000000,0.000524,4.750000
1782883498,19480576.000000,0.000256,4.813333,39718912.000000,0.000546,4.750000
1782883528,19480576.000000,0.000350,4.813333,39718912.000000,0.000493,4.750000
1782883558,19480576.000000,0.000183,4.813333,39718912.000000,0.000705,4.750000
1782883588,19480576.000000,0.000339,4.750000,39718912.000000,0.000388,4.750000
1782883618,19480576.000000,0.000310,4.750000,39723008.000000,0.000542,4.750000
1782883648,19480576.000000,0.000287,4.813333,39723008.000000,0.000459,4.781457
1782883678,19480576.000000,0.000260,4.813333,39723008.000000,0.000506,4.781457
1782883708,19480576.000000,0.000352,4.813333,39723008.000000,0.000535,4.813333
1782883738,19480576.000000,0.000255,4.813333,40329216.000000,0.000554,4.813333
1782883768,19480576.000000,0.000265,4.813333,40329216.000000,0.000367,4.813333
1782883798,19480576.000000,0.000243,4.813333,40333312.000000,0.000591,4.813333
1782883828,19480576.000000,0.000334,4.878378,40333312.000000,0.000537,4.813333
1782883858,19480576.000000,0.000143,4.878378,40329216.000000,0.000466,4.813333
1782883888,19480576.000000,,4.878378,40333312.000000,0.000490,4.813333
1782883918,19480576.000000,0.000251,4.878378,40333312.000000,0.000596,4.813333
1782883948,19484672.000000,0.000341,4.813333,40329216.000000,0.000493,4.781457
1782883978,19480576.000000,0.000287,4.813333,40329216.000000,0.000592,4.781457
1782884008,19480576.000000,0.000281,4.813333,40333312.000000,0.000441,4.750000
1782884038,19480576.000000,0.000258,4.813333,40329216.000000,0.000434,4.750000
1782884068,19484672.000000,0.000248,4.813333,40992768.000000,0.000553,4.750000
1782884098,19484672.000000,0.000304,4.813333,40996864.000000,0.000573,4.750000
1782884128,19484672.000000,0.000266,4.750000,40996864.000000,0.000499,4.750000
1782884158,19484672.000000,0.000163,4.750000,40996864.000000,0.000561,4.750000
1782884188,19484672.000000,,4.750000,41000960.000000,0.000512,4.750000
1782884218,19484672.000000,0.000261,4.750000,41000960.000000,0.000496,4.750000
1782884248,19484672.000000,0.000298,4.750000,41005056.000000,0.000542,4.781457
1782884278,19484672.000000,0.000246,4.750000,41000960.000000,0.000592,4.781457
1782884308,19484672.000000,0.000248,4.750000,40345600.000000,0.000533,4.781457
1782884338,19484672.000000,0.000226,4.750000,40345600.000000,0.000527,4.781457
1782884368,19488768.000000,0.000324,4.750000,40349696.000000,0.000510,4.813333
1782884398,19488768.000000,0.000272,4.750000,40345600.000000,0.000449,4.813333
1782884428,19488768.000000,0.000173,4.813333,40345600.000000,0.000525,4.813333
1782884458,19488768.000000,0.000440,4.813333,40345600.000000,0.000556,4.813333
1782884488,19488768.000000,0.000294,4.813333,40345600.000000,0.000540,4.845638
1782884518,19488768.000000,0.000275,4.813333,40345600.000000,0.000489,4.845638
1782884548,19488768.000000,0.000323,4.878378,40345600.000000,0.000477,4.813333
1782884578,19488768.000000,0.000246,4.878378,40349696.000000,0.000536,4.813333
1782884608,19488768.000000,0.000298,4.878378,40353792.000000,0.000537,4.845638
1782884638,19488768.000000,0.000255,4.878378,40357888.000000,0.000449,4.845638
1782884668,19488768.000000,0.000278,4.878378,40357888.000000,0.000637,4.845638
1782884698,19488768.000000,0.000330,4.878378,40353792.000000,0.000577,4.845638
1782884728,19488768.000000,0.000454,4.878378,40353792.000000,0.000463,4.845638
1782884758,19488768.000000,0.000143,4.878378,40353792.000000,0.000420,4.845638
1782884788,19488768.000000,0.000286,4.878378,40353792.000000,0.000565,4.813333
1782884818,19488768.000000,0.000327,4.878378,40357888.000000,0.000638,4.813333
1782884848,19488768.000000,0.000318,4.878378,40353792.000000,0.000367,4.845637
1782884878,19488768.000000,0.000157,4.878378,40353792.000000,0.000514,4.845638
1782884908,19488768.000000,0.000320,4.945205,40353792.000000,0.000468,4.845638
1782884938,19488768.000000,0.000133,4.945205,40361984.000000,0.000501,4.845638
1782884968,19488768.000000,,5.500000,40357888.000000,0.000581,4.813333
1782884998,19488768.000000,0.000285,5.500000,40357888.000000,0.000507,4.813333
1782885028,19488768.000000,0.000263,4.945205,40357888.000000,0.000874,4.813333
1782885058,19488768.000000,0.000143,4.945205,40357888.000000,0.000479,4.813334
1782885088,19488768.000000,,5.500000,40361984.000000,0.000523,4.845638
1782885118,19488768.000000,0.000206,5.500000,40357888.000000,0.000524,4.845638
1782885148,19488768.000000,0.000278,4.945205,40357888.000000,0.000623,4.845638
1782885178,18575360.000000,0.000303,4.945205,40357888.000000,0.000448,4.845638
1782885208,18575360.000000,,4.878378,40357888.000000,0.000584,4.845638
1782885238,18829312.000000,,4.878378,40357888.000000,0.000502,4.845638
1782885268,18829312.000000,0.000197,4.878378,40357888.000000,0.000501,4.845638
1782885298,18829312.000000,0.000428,4.878378,40361984.000000,0.000520,4.845638
1782885328,18755584.000000,0.000334,4.878378,40357888.000000,0.000580,4.878378
1782885358,18755584.000000,0.000252,4.878378,40357888.000000,0.000449,4.878378
1782885388,18755584.000000,0.000374,4.878378,40361984.000000,0.000668,4.878378
1782885418,18755584.000000,0.000253,4.878378,40357888.000000,0.000474,4.878378
1782885448,18755584.000000,0.000453,4.878378,40357888.000000,0.000455,4.845638
1782885478,18755584.000000,0.000273,4.878378,40357888.000000,0.000527,4.845638
1782885508,18755584.000000,0.000177,4.878378,40357888.000000,0.000545,4.845638
1782885538,18780160.000000,0.000311,4.878378,40357888.000000,0.000522,4.845638
1782885568,18780160.000000,0.000182,4.813333,40357888.000000,0.000449,4.878378
1782885598,18780160.000000,,4.813333,40361984.000000,0.000549,4.878378
1782885628,18784256.000000,0.000256,4.813333,40361984.000000,0.000473,4.878378
1782885658,18784256.000000,0.000292,4.813333,40361984.000000,0.000552,4.878379
1782885688,18784256.000000,0.000219,4.813333,40361984.000000,0.000625,4.845638
1782885718,18784256.000000,0.000350,4.813333,40361984.000000,0.000343,4.845638
1782885748,18784256.000000,0.000233,4.813333,40361984.000000,0.000535,4.878378
1782885778,18784256.000000,0.000149,4.813333,40361984.000000,0.000510,4.878378
1782885808,18784256.000000,,4.813333,40361984.000000,0.000411,4.878378
1782885838,18784256.000000,0.000253,4.813333,40366080.000000,0.000551,4.878378
1782885868,18784256.000000,0.000309,4.878378,40361984.000000,0.000449,4.845638
1782885898,18796544.000000,0.000235,4.878378,40361984.000000,0.000602,4.845638
1782885928,18796544.000000,0.000475,4.945205,40361984.000000,0.000531,4.845638
1782885958,18796544.000000,0.000274,4.945205,40366080.000000,0.000613,4.845638
1782885988,18796544.000000,0.000309,4.878378,40361984.000000,0.000497,4.878378
1782886018,18796544.000000,0.000240,4.878378,40361984.000000,0.000454,4.878378
1782886048,18800640.000000,0.000362,4.878378,40366080.000000,0.000562,4.845638
1782886078,18796544.000000,0.000261,4.878378,40366080.000000,0.000486,4.845638
1782886108,18796544.000000,0.000252,4.878378,40361984.000000,0.000539,4.813333
1782886138,18796544.000000,0.000259,4.878378,40361984.000000,0.000741,4.813333
1782886168,18796544.000000,0.000379,4.813333,40361984.000000,0.000383,4.845638
1782886198,18796544.000000,0.000226,4.813333,40366080.000000,0.000596,4.845638
1782886228,18796544.000000,0.000327,4.813333,40361984.000000,0.000497,4.845638
1782886258,18796544.000000,,4.813333,40361984.000000,0.000459,4.845638
1782886288,18796544.000000,,4.813333,40361984.000000,0.000512,4.813333
1782886318,18796544.000000,0.000343,4.813333,40366080.000000,0.000559,4.813333
1782886348,18800640.000000,0.000262,4.813333,40361984.000000,0.000487,4.813333
1782886378,18796544.000000,0.000367,4.813333,40366080.000000,0.000528,4.813333
1782886408,18796544.000000,0.000272,4.878378,40361984.000000,0.000591,4.845638
1782886438,18796544.000000,0.000503,4.878378,40361984.000000,0.000532,4.845638
1782886468,18796544.000000,0.000248,4.878378,40361984.000000,0.000414,4.813333
1782886498,18796544.000000,0.000241,4.878378,40361984.000000,0.000500,4.813334
1782886528,18796544.000000,0.000140,4.878378,40361984.000000,0.000668,4.781457
1782886558,18796544.000000,0.000341,4.878378,40361984.000000,0.000544,4.781457
1782886588,18796544.000000,0.000147,4.945205,40361984.000000,0.000460,4.781457
1782886618,18796544.000000,,4.945205,40361984.000000,0.000462,4.781457
1782886648,18796544.000000,0.000210,4.945205,40361984.000000,0.000606,4.781457
1782886678,19374080.000000,0.000353,4.945205,40361984.000000,0.000518,4.781457
1782886708,19374080.000000,0.000215,4.878378,40370176.000000,0.000529,4.750000
1782886738,19456000.000000,,4.878378,40370176.000000,0.000402,4.750000
1782886768,19460096.000000,0.000304,4.878378,40366080.000000,0.000608,4.750000
1782886798,19460096.000000,0.000240,4.878378,40370176.000000,0.000483,4.750000
1782886828,19460096.000000,,4.878378,40366080.000000,0.000534,4.750000
1782886858,19460096.000000,0.000269,4.878378,40370176.000000,0.000496,4.750000
1782886888,19456000.000000,0.000277,4.813333,40366080.000000,0.000585,4.750000
1782886918,19456000.000000,0.000344,4.813333,40366080.000000,0.000543,4.750000
1782886948,19456000.000000,0.000254,4.813333,40366080.000000,0.000381,4.750000
1782886978,19456000.000000,0.000227,4.813333,40374272.000000,0.000459,4.750000
1782887008,19456000.000000,0.000134,4.813333,40370176.000000,0.000464,4.781457
1782887038,19456000.000000,,4.813333,40370176.000000,0.000523,4.781457
1782887068,19456000.000000,0.000328,4.878378,40370176.000000,0.000611,4.781457
1782887098,19456000.000000,0.000276,4.878378,40370176.000000,0.000413,4.781457
1782887128,19456000.000000,0.000312,4.878378,40370176.000000,0.000625,4.813333
1782887158,19456000.000000,0.000349,4.878378,40370176.000000,0.000455,4.813333
1782887188,19456000.000000,0.000234,4.878378,40370176.000000,0.000615,4.813333
1782887218,19456000.000000,0.000288,4.878378,40370176.000000,0.000505,4.813333
1782887248,19456000.000000,0.000234,4.878378,40370176.000000,0.000375,4.813333
1782887278,19456000.000000,0.000400,4.878378,40370176.000000,0.000573,4.813333
1782887308,19456000.000000,0.000253,4.878378,40370176.000000,0.000552,4.813333
1782887338,19456000.000000,0.000197,4.878378,40370176.000000,0.000487,4.813334
1782887368,19456000.000000,0.000301,4.813333,40374272.000000,0.000550,4.845638
1782887398,19456000.000000,0.000165,4.813333,40370176.000000,0.000474,4.845638
1782887428,19456000.000000,0.000453,4.750000,40370176.000000,0.000544,4.813333
1782887458,19456000.000000,0.000182,4.750000,40370176.000000,0.000410,4.813333
1782887488,19456000.000000,0.000321,4.750000,40370176.000000,0.000505,4.813333
1782887518,19456000.000000,0.000189,4.750000,40374272.000000,0.000509,4.813334
1782887548,19456000.000000,0.000319,4.750000,40374272.000000,0.000408,4.813333
1782887578,19456000.000000,0.000159,4.750000,40370176.000000,0.000539,4.813333
1782887608,19456000.000000,0.000274,4.750000,40374272.000000,0.000546,4.813333
1782887638,19456000.000000,0.000272,4.750000,40370176.000000,0.000557,4.813333
1782887668,19456000.000000,0.000369,4.750000,40370176.000000,0.000533,4.781457
1782887698,19456000.000000,0.000243,4.750000,40370176.000000,0.000468,4.781457
1782887728,19456000.000000,0.000274,4.750000,40370176.000000,0.000370,4.781457
1782887758,19456000.000000,0.000141,4.750000,40374272.000000,0.000528,4.781457
1782887788,19456000.000000,0.000362,4.750000,40374272.000000,0.000454,4.781457
1782887818,19456000.000000,0.000289,4.750000,40370176.000000,0.000425,4.781457
1782887848,19456000.000000,0.000257,4.750000,40370176.000000,0.000558,4.813333
1782887878,19456000.000000,0.000288,4.750000,40370176.000000,0.000579,4.813333
1782887908,19456000.000000,0.000336,4.750000,40374272.000000,0.000601,4.781457
1782887938,19456000.000000,0.000251,4.750000,40370176.000000,0.000448,4.781457
1782887968,19456000.000000,0.000257,4.750000,40370176.000000,0.000526,4.781457
1782887998,19456000.000000,0.000237,4.750000,40370176.000000,0.000632,4.781457
1782888028,19456000.000000,0.000416,4.750000,40370176.000000,0.000647,4.813333
1782888058,19456000.000000,0.000264,4.750000,40370176.000000,0.000502,4.813333
1782888088,19456000.000000,0.000183,4.750000,40370176.000000,0.000470,4.845638
1782888118,19456000.000000,0.000311,4.750000,40370176.000000,0.000564,4.845637
1782888148,19456000.000000,0.000427,4.813333,40370176.000000,0.000421,4.813333
1782888178,19456000.000000,0.000253,4.813333,40370176.000000,0.000599,4.813333
1782888208,19456000.000000,0.000142,4.813333,40370176.000000,0.000480,4.813333
1782888238,19456000.000000,0.000311,4.813333,40370176.000000,0.000447,4.813333
1782888268,19456000.000000,0.000323,4.813333,40370176.000000,0.000528,4.813333
1782888298,19456000.000000,0.000305,4.813333,40370176.000000,0.000539,4.813333
1782888328,19464192.000000,0.000281,4.813333,40370176.000000,0.000452,4.781457
1782888358,19464192.000000,0.000247,4.813333,40370176.000000,0.000459,4.781457
1782888388,19464192.000000,0.000326,4.813333,40370176.000000,0.000564,4.750000
1782888418,19464192.000000,0.000254,4.813333,40374272.000000,0.000582,4.750000
1782888448,19464192.000000,0.000256,4.750000,40370176.000000,0.000477,4.750000
1782888478,19464192.000000,0.000156,4.750000,40374272.000000,0.000581,4.750000
1782888508,19464192.000000,,4.813333,40374272.000000,0.000497,4.750000
1782888538,19464192.000000,0.000273,4.813333,39706624.000000,0.000685,4.750000
1782888568,19464192.000000,0.000235,4.813333,39706624.000000,0.000470,4.781457
1782888598,19468288.000000,0.000269,4.813333,39706624.000000,0.000496,4.781457
1782888628,19468288.000000,0.000365,4.813333,39706624.000000,0.000569,4.813333
1782888658,19468288.000000,0.000276,4.813333,39706624.000000,0.000559,4.813333
1782888688,19468288.000000,0.000307,4.813333,39706624.000000,0.000417,4.845638
1782888718,19468288.000000,0.000239,4.813333,39706624.000000,0.000501,4.845638
1782888748,19468288.000000,0.000338,4.813333,39706624.000000,0.000481,4.845638
1782888778,19468288.000000,0.000359,4.813333,39706624.000000,0.000587,4.845638
1782888808,19468288.000000,0.000258,4.750000,39710720.000000,0.000472,4.845637
1782888838,19468288.000000,0.000250,4.750000,39706624.000000,0.000338,4.845638
1782888868,19468288.000000,0.000145,4.813333,39706624.000000,0.000617,4.813333
1782888898,19468288.000000,0.000420,4.813333,39706624.000000,0.000514,4.813334
1782888928,19472384.000000,0.000282,4.813333,39706624.000000,0.000502,4.813333
1782888958,19472384.000000,0.000151,4.813333,39706624.000000,0.000500,4.813333
1782888988,19472384.000000,,4.813333,39706624.000000,0.000554,4.813333
1782889018,19472384.000000,0.000342,4.813333,39710720.000000,0.000590,4.813333
1782889048,19472384.000000,0.000304,4.813333,39706624.000000,0.000558,4.845638
1782889078,19472384.000000,0.000250,4.813333,39706624.000000,0.000449,4.845638
1782889108,19472384.000000,0.000173,4.813333,39710720.000000,0.000609,4.845637
1782889138,19472384.000000,,4.813333,39706624.000000,0.000421,4.845638
1782889168,19472384.000000,0.000281,4.750000,39706624.000000,0.000481,4.878378
1782889198,19472384.000000,0.000287,4.750000,39706624.000000,0.000523,4.878380
1782889228,19472384.000000,0.000221,4.750000,39706624.000000,0.000599,4.878378
1782889258,19472384.000000,0.000376,4.750000,39706624.000000,0.000454,4.878379
1782889288,19472384.000000,0.000244,4.750000,39706624.000000,0.000540,4.878378
1782889318,19472384.000000,0.000241,4.750000,39706624.000000,0.000540,4.878378
1782889348,19472384.000000,,4.750000,39706624.000000,0.000607,4.878378
1782889378,19472384.000000,0.000129,4.750000,39710720.000000,0.000475,4.878380
1782889408,19472384.000000,0.000144,4.750000,39706624.000000,0.000564,4.911565
1782889438,19472384.000000,,4.750000,39706624.000000,0.000517,4.911565
1782889468,19472384.000000,0.000264,4.750000,39706624.000000,0.000508,4.878378
1782889498,19472384.000000,0.000418,4.750000,39706624.000000,0.000477,4.878378
1782889528,19472384.000000,0.000307,4.813333,40288256.000000,0.000656,4.878378
1782889558,19472384.000000,0.000145,4.813333,40366080.000000,0.000542,4.878378
1782889588,19472384.000000,0.000298,4.813333,40366080.000000,0.000487,4.845638
1782889618,19476480.000000,0.000359,4.813333,40366080.000000,0.000403,4.845638
1782889648,19476480.000000,0.000249,4.813333,40370176.000000,0.000476,4.845638
1782889678,19476480.000000,0.000131,4.813333,40366080.000000,0.000466,4.845638
1782889708,19476480.000000,,4.813333,40366080.000000,0.000596,4.845638
1782889738,19480576.000000,0.000286,4.813333,40366080.000000,0.000643,4.845638
1782889768,19480576.000000,0.000285,4.813333,40366080.000000,0.000504,4.845637
1782889798,19480576.000000,0.000138,4.813333,40366080.000000,0.000496,4.845638
1782889828,19480576.000000,0.000100,4.750000,40366080.000000,0.000488,4.813333
1782889858,19480576.000000,0.000123,4.750000,40370176.000000,0.000568,4.813333
1782889888,19480576.000000,,4.750000,40366080.000000,0.000654,4.845638
1782889918,19480576.000000,0.000254,4.750000,40366080.000000,0.000461,4.845638
1782889948,19480576.000000,0.000252,4.750000,40366080.000000,0.000459,4.813333
1782889978,19480576.000000,0.000300,4.750000,40370176.000000,0.000520,4.813333
1782890008,19480576.000000,0.000325,4.750000,40366080.000000,0.000621,4.781457
1782890038,19480576.000000,0.000264,4.750000,40370176.000000,0.000473,4.781457
1782890068,19480576.000000,0.000273,4.750000,40366080.000000,0.000528,4.813333
1782890098,19480576.000000,0.000143,4.750000,40370176.000000,0.000521,4.813333
1782890128,19480576.000000,,4.750000,40366080.000000,0.000565,4.813333
1782890158,19480576.000000,0.000241,4.750000,40370176.000000,0.000515,4.813333
1782890188,19480576.000000,0.000350,4.813333,40370176.000000,0.000434,4.781457
1782890218,19480576.000000,0.000160,4.813333,40370176.000000,0.000585,4.781457
1782890248,19480576.000000,0.000472,4.878378,40370176.000000,0.000376,4.781457
1782890278,19480576.000000,0.000236,4.878378,40370176.000000,0.000610,4.781457
1782890308,19480576.000000,0.000135,4.878378,40370176.000000,0.000566,4.781457
1782890338,19480576.000000,0.000103,4.878378,40370176.000000,0.000496,4.781457
1782890368,19480576.000000,0.000135,4.878378,40374272.000000,0.000577,4.750000
1782890398,19480576.000000,,4.878378,40370176.000000,0.000521,4.750000
1782890428,19480576.000000,0.000244,4.878378,40370176.000000,0.000419,4.781457
1782890458,19480576.000000,0.000286,4.878378,40370176.000000,0.000544,4.781457
1782890488,19480576.000000,0.000389,4.813333,40370176.000000,0.000467,4.781457
1782890518,19480576.000000,0.000260,4.813333,40374272.000000,0.000489,4.781457
1782890548,19480576.000000,0.000351,4.813333,40370176.000000,0.000522,4.813333
1782890578,19480576.000000,0.000256,4.813333,40374272.000000,0.000555,4.813333
1782890608,19480576.000000,0.000390,4.813333,40374272.000000,0.000584,4.813333
1782890638,19480576.000000,0.000242,4.813333,40378368.000000,0.000502,4.813334
1782890668,19746816.000000,0.000314,4.813333,40374272.000000,0.000547,4.813333
1782890698,19480576.000000,0.000221,4.813333,40374272.000000,0.000452,4.813333
1782890728,19480576.000000,0.000322,4.813333,40378368.000000,0.000526,4.781457
1782890758,19480576.000000,0.000268,4.813333,40374272.000000,0.000556,4.781457
1782890788,19480576.000000,,4.813333,40374272.000000,0.000346,4.781457
1782890818,19480576.000000,0.000182,4.813333,40374272.000000,0.000456,4.781457
1782890848,19484672.000000,0.000362,4.750000,40374272.000000,0.000558,4.750000
1782890878,19480576.000000,0.000243,4.750000,40374272.000000,0.000530,4.750000
1782890908,19480576.000000,0.000262,4.750000,40374272.000000,0.000486,4.781457
1782890938,19480576.000000,0.000261,4.750000,40374272.000000,0.000526,4.781457
1782890968,19480576.000000,0.000302,4.750000,40374272.000000,0.000559,4.781457
1782890998,19480576.000000,0.000204,4.750000,40374272.000000,0.000545,4.781457
1782891028,19480576.000000,,4.813333,40374272.000000,0.000454,4.781457
1782891058,19480576.000000,0.000256,4.813333,40374272.000000,0.000507,4.781457
1782891088,19484672.000000,0.000274,4.813333,40374272.000000,0.000635,4.781457
1782891118,19480576.000000,0.000234,4.813333,40374272.000000,0.000552,4.781457
1782891148,19484672.000000,0.000308,4.813333,40374272.000000,0.000509,4.813333
1782891178,19480576.000000,0.000193,4.813333,40378368.000000,0.000526,4.813333
1782891208,19480576.000000,0.000308,4.813333,40382464.000000,0.000491,4.781457
1782891238,19480576.000000,0.000322,4.813333,40382464.000000,0.000582,4.781457
1782891268,19480576.000000,,4.813333,40251392.000000,0.000607,4.813333
1782891298,19480576.000000,,4.813333,40251392.000000,0.000496,4.813333
1782891328,19480576.000000,0.000379,4.813333,40251392.000000,0.000665,4.813333
1782891358,19480576.000000,0.000331,4.813333,40255488.000000,0.000479,4.813333
1782891388,19480576.000000,0.000319,4.878378,40251392.000000,0.000512,4.813333
1782891418,19480576.000000,0.000238,4.878378,40251392.000000,0.000375,4.813333
1782891448,19480576.000000,0.000158,4.878378,40251392.000000,0.000556,4.813333
1782891478,19480576.000000,0.000327,4.878378,40251392.000000,0.000480,4.813333
1782891508,19484672.000000,0.000274,4.878378,40251392.000000,0.000555,4.813333
1782891538,19484672.000000,0.000263,4.878378,40251392.000000,0.000485,4.813333
1782891568,19484672.000000,0.000251,4.878378,40251392.000000,0.000570,4.781457
1782891598,19484672.000000,0.000302,4.878378,40255488.000000,0.000475,4.781457
1782891628,19484672.000000,0.000258,4.813333,40255488.000000,0.000677,4.813333
1782891658,19484672.000000,0.000226,4.813333,40255488.000000,0.000461,4.813333
1782891688,19484672.000000,0.000301,4.750000,40255488.000000,0.000548,4.845638
1782891718,19488768.000000,0.000293,4.750000,40259584.000000,0.000550,4.845638
1782891748,19484672.000000,0.000300,4.813333,40255488.000000,0.000552,4.813333
1782891778,19484672.000000,,4.813333,40255488.000000,0.000454,4.813333
1782891808,19484672.000000,,4.813333,40259584.000000,0.000506,4.845638
1782891838,19492864.000000,0.000330,4.813333,40263680.000000,0.000527,4.845638
1782891868,19582976.000000,0.000277,4.813333,40259584.000000,0.000568,4.845638
1782891898,19652608.000000,0.000274,4.813333,40263680.000000,0.000404,4.845639
1782891928,19714048.000000,0.000338,4.813333,40259584.000000,0.000487,4.813333
1782891958,19804160.000000,0.000329,4.813333,40259584.000000,0.000611,4.813333
1782891988,19345408.000000,0.000277,4.813333,40259584.000000,0.000566,4.781457
1782892018,19345408.000000,0.000250,4.813333,40259584.000000,0.000387,4.781457
1782892048,19345408.000000,0.000136,4.750000,40259584.000000,0.000478,4.781457
1782892078,19345408.000000,,4.750000,40259584.000000,0.000499,4.781457
1782892108,19345408.000000,0.000354,4.750000,40263680.000000,0.000591,4.750000
1782892138,19345408.000000,0.000264,4.750000,40259584.000000,0.000364,4.750000
1782892168,19345408.000000,0.000139,4.750000,40263680.000000,0.000570,4.781457
1782892198,19345408.000000,,4.750000,40263680.000000,0.000443,4.781457
1782892228,19345408.000000,0.000305,4.750000,40259584.000000,0.000511,4.781457
1782892258,19349504.000000,0.000291,4.750000,40259584.000000,0.000484,4.781457
1782892288,19349504.000000,0.000260,4.750000,40263680.000000,0.000425,4.813333
1782892318,19353600.000000,0.000314,4.750000,40259584.000000,0.000557,4.813333
1782892348,19353600.000000,0.000237,4.750000,40259584.000000,0.000526,4.845637
1782892378,19353600.000000,,4.750000,40259584.000000,0.000474,4.845637
1782892408,19353600.000000,0.000331,4.750000,40259584.000000,0.000549,4.878378
1782892438,19353600.000000,0.000247,4.750000,40259584.000000,0.000604,4.878378
1782892468,19353600.000000,0.000360,4.750000,40259584.000000,0.000496,4.878378
1782892498,19353600.000000,0.000240,4.750000,40259584.000000,0.000504,4.878378
1782892528,19353600.000000,0.000261,4.750000,40263680.000000,0.000523,4.878377
1782892558,19353600.000000,0.000152,4.750000,40259584.000000,0.000484,4.878378
1782892588,19353600.000000,,4.750000,40259584.000000,0.000528,4.845638
1782892618,19353600.000000,0.000194,4.750000,40259584.000000,0.000593,4.845638
1782892648,19353600.000000,0.000158,4.813333,40263680.000000,0.000554,4.845638
1782892678,19353600.000000,0.000350,4.813333,40259584.000000,0.000451,4.845638
1782892708,19357696.000000,0.000302,4.813333,40259584.000000,0.000899,4.813333
1782892738,19353600.000000,0.000253,4.813333,40259584.000000,0.000408,4.813334
1782892768,19353600.000000,0.000348,4.813333,40259584.000000,0.000553,4.781457
1782892798,19353600.000000,0.000252,4.813333,40259584.000000,0.000506,4.781457
1782892828,19353600.000000,0.000339,4.813333,40259584.000000,0.000572,4.813333
1782892858,19353600.000000,0.000157,4.813333,40259584.000000,0.000507,4.813333
1782892888,19353600.000000,0.000382,4.878378,40914944.000000,0.000571,4.845638
1782892918,19353600.000000,0.000273,4.878378,40914944.000000,0.000482,4.845638
1782892948,19357696.000000,0.000300,4.813333,40914944.000000,0.000572,4.845638
1782892978,19353600.000000,0.000236,4.813333,40914944.000000,0.000608,4.845638
1782893008,19353600.000000,0.000275,4.813333,40914944.000000,0.000490,4.845638
1782893038,19353600.000000,0.000256,4.813333,40914944.000000,0.000492,4.845638
1782893068,19353600.000000,0.000156,4.878378,40251392.000000,0.000595,4.878378
1782893098,19353600.000000,,4.878378,40251392.000000,0.000549,4.878378
1782893128,19353600.000000,0.000264,4.878378,40251392.000000,0.000550,4.845638
1782893158,19353600.000000,0.000145,4.878378,40255488.000000,0.000404,4.845638
1782893188,19353600.000000,,4.813333,40255488.000000,0.000516,4.813333
1782893218,19353600.000000,0.000356,4.813333,40255488.000000,0.000477,4.813333
1782893248,19353600.000000,0.000236,4.813333,40255488.000000,0.000550,4.813333
1782893278,19357696.000000,0.000274,4.813333,40259584.000000,0.000471,4.813333
1782893308,19353600.000000,0.000256,4.813333,40263680.000000,0.000420,4.845637
1782893338,19357696.000000,0.000357,4.813333,40259584.000000,0.000609,4.845638
1782893368,19357696.000000,0.000257,4.750000,40259584.000000,0.000443,4.845638
1782893398,19357696.000000,0.000260,4.750000,40263680.000000,0.000448,4.845638
1782893428,19361792.000000,0.000302,4.750000,40259584.000000,0.001117,4.845638
1782893458,19361792.000000,0.000317,4.750000,40259584.000000,0.000459,4.845638
1782893488,19361792.000000,0.000172,4.750000,40259584.000000,0.000532,4.845638
1782893518,19361792.000000,0.000277,4.750000,40259584.000000,0.000503,4.845638
1782893548,19361792.000000,0.000277,4.813333,40259584.000000,0.000252,4.813333
1782893578,19361792.000000,0.000438,4.813333,40259584.000000,0.000567,4.813333
1782893608,19361792.000000,0.000139,4.813333,40259584.000000,0.000586,4.781457
1782893638,19361792.000000,0.000351,4.813333,40259584.000000,0.000460,4.781457
1782893668,19619840.000000,0.000308,4.813333,40259584.000000,0.000575,4.750000
1782893698,19361792.000000,0.000313,4.813333,40259584.000000,0.000383,4.750000
1782893728,19361792.000000,0.000264,4.813333,40263680.000000,0.000606,4.781457
1782893758,19361792.000000,0.000144,4.813333,40259584.000000,0.000408,4.781457
1782893788,19361792.000000,0.000099,4.813333,40259584.000000,0.000522,4.813333
1782893818,19361792.000000,0.000152,4.813333,40259584.000000,0.000605,4.813333
1782893848,19361792.000000,,4.813333,40259584.000000,0.000635,4.845638
1782893878,19361792.000000,0.000288,4.813333,40263680.000000,0.000435,4.845638
1782893908,19361792.000000,0.000281,4.813333,40263680.000000,0.000506,4.845638
1782893938,19361792.000000,0.000328,4.813333,40267776.000000,0.000511,4.845638
1782893968,19361792.000000,0.000228,4.813333,40263680.000000,0.000635,4.845638
1782893998,19361792.000000,0.000314,4.813333,40267776.000000,0.000434,4.845638
1782894028,19361792.000000,0.000314,4.878378,40263680.000000,0.000512,4.845638
1782894058,19365888.000000,0.000327,4.878378,40267776.000000,0.000604,4.845638
1782894088,19365888.000000,0.000316,4.878378,40271872.000000,0.000576,4.845638
1782894118,19365888.000000,0.000283,4.878378,40267776.000000,0.000345,4.845638
1782894148,19365888.000000,0.000255,4.813333,40267776.000000,0.000538,4.813333
1782894178,19365888.000000,0.000263,4.813333,40267776.000000,0.000438,4.813334
1782894208,19365888.000000,0.000329,4.813333,40267776.000000,0.000570,4.845638
1782894238,19365888.000000,0.000147,4.813333,40267776.000000,0.000409,4.845638
1782894268,19365888.000000,,4.813333,40271872.000000,0.000535,4.845637
1782894298,19365888.000000,0.000315,4.813333,40267776.000000,0.000525,4.845638
1782894328,19369984.000000,0.000431,4.813333,40267776.000000,0.000342,4.813333
1782894358,19374080.000000,0.000265,4.813333,40267776.000000,0.000559,4.813333
1782894388,19374080.000000,0.000140,4.813333,40271872.000000,0.000428,4.781457
1782894418,19374080.000000,,4.813333,40275968.000000,0.000435,4.781457
1782894448,19374080.000000,0.000371,4.878378,40271872.000000,0.000639,4.781457
1782894478,19374080.000000,0.000275,4.878378,40271872.000000,0.000459,4.781457
1782894508,19374080.000000,0.000159,4.878378,40271872.000000,0.000493,4.781457
1782894538,19374080.000000,,4.878378,40271872.000000,0.000572,4.781457
1782894568,19374080.000000,0.000439,4.945205,40271872.000000,0.000564,4.781457
1782894598,19374080.000000,0.000196,4.945205,40271872.000000,0.000480,4.781457
1782894628,19378176.000000,0.000401,4.945205,40275968.000000,0.000467,4.813333
1782894658,19374080.000000,0.000257,4.945205,40275968.000000,0.000579,4.813333
1782894688,19374080.000000,0.000287,4.945205,40275968.000000,0.000547,4.813333
1782894718,19374080.000000,0.000267,4.945205,40280064.000000,0.000535,4.813333
1782894748,19374080.000000,0.000147,4.878378,40275968.000000,0.000544,4.845638
1782894778,19374080.000000,0.000256,4.878378,40275968.000000,0.000433,4.845638
1782894808,34664448.000000,0.000117,4.874160,40280064.000000,0.000541,4.813333
1782894838,34664448.000000,0.000165,4.874790,40280064.000000,0.000506,4.813334
1782894868,35225600.000000,,4.811980,40284160.000000,0.000521,4.813333
1782894898,35573760.000000,0.000291,4.812506,40280064.000000,0.000509,4.813334
1782894928,35979264.000000,0.000295,4.750000,40280064.000000,0.000604,4.781457
1782894958,36220928.000000,0.000284,4.750000,40284160.000000,0.000555,4.781457
1782894988,37085184.000000,0.000278,4.750000,40280064.000000,0.000521,4.781457
1782895018,37314560.000000,0.000312,4.750000,40280064.000000,0.000446,4.781457
1782895048,37597184.000000,0.000356,4.750000,40280064.000000,0.000470,4.781457
1782895078,18264064.000000,0.000232,4.750000,40280064.000000,0.000535,4.781457
1782895108,18284544.000000,0.000262,4.750000,40284160.000000,0.000431,4.781457
1782895138,18382848.000000,0.000297,4.750000,40280064.000000,0.000492,4.781457
1782895168,18382848.000000,0.000231,4.750000,40280064.000000,0.000632,4.813333
1782895198,18137088.000000,,4.750000,40280064.000000,0.000579,4.813333
1782895228,18198528.000000,0.000341,4.750000,40415232.000000,0.000526,4.845638
1782895258,18202624.000000,0.000252,4.750000,40415232.000000,0.000446,4.845638
1782895288,18202624.000000,0.000295,4.750000,40411136.000000,0.000474,4.878378
1782895318,18227200.000000,0.000303,4.750000,40411136.000000,0.000636,4.878377
1782895348,18231296.000000,0.000285,4.750000,40411136.000000,0.000519,4.845638
1782895378,18231296.000000,0.000231,4.750000,40415232.000000,0.000509,4.845637
1782895408,18231296.000000,0.000345,4.750000,40411136.000000,0.000430,4.878378
1782895438,18247680.000000,0.000457,4.750000,40411136.000000,0.000441,4.878378
1782895468,18259968.000000,0.000288,4.750000,40411136.000000,0.000441,4.845637
1782895498,18259968.000000,,4.750000,40415232.000000,0.000534,4.845638
1782895528,18268160.000000,0.000329,4.750000,40415232.000000,0.000449,4.813333
1782895558,18268160.000000,0.000337,4.750000,40411136.000000,0.000532,4.813333
1782895588,18268160.000000,,4.750000,40411136.000000,0.000731,4.813333
1782895618,18272256.000000,0.000283,4.750000,40411136.000000,0.000547,4.813333
1782895648,18276352.000000,0.000271,4.750000,40415232.000000,0.000480,4.813333
1782895678,18300928.000000,0.000347,4.750000,40415232.000000,0.000528,4.813333
1782895708,18325504.000000,0.000268,4.750000,40415232.000000,0.000654,4.813333
1782895738,18415616.000000,0.000272,4.750000,40415232.000000,0.000406,4.813333
1782895768,18415616.000000,,4.750000,40415232.000000,0.000481,4.845638
1782895798,18415616.000000,,4.750000,40992768.000000,0.000541,4.845638
1782895828,18415616.000000,0.000276,4.750000,40992768.000000,0.000553,4.878378
1782895858,18415616.000000,0.000312,4.750000,40992768.000000,0.000329,4.878378
1782895888,18415616.000000,0.000176,4.750000,41078784.000000,0.000495,4.845638
1782895918,18423808.000000,0.000358,4.750000,41078784.000000,0.000557,4.845635
1782895948,18423808.000000,0.000272,4.750000,41078784.000000,0.000568,4.845638
1782895978,18423808.000000,0.000286,4.750000,41078784.000000,0.000445,4.845638
1782896008,18432000.000000,0.000238,4.750000,41078784.000000,0.000482,4.813333
1782896038,18440192.000000,0.000380,4.750000,40554496.000000,0.000602,4.813333
1782896068,18436096.000000,0.000278,4.750000,40554496.000000,0.000526,4.781457
1782896098,18444288.000000,0.000267,4.750000,40554496.000000,0.000506,4.781457
1782896128,18444288.000000,0.000218,4.750000,40554496.000000,0.000523,4.750000
1782896158,18452480.000000,0.000303,4.750000,40554496.000000,0.000500,4.750000
1782896188,18452480.000000,0.000308,4.750000,40554496.000000,0.000558,4.750000
1782896218,18468864.000000,0.000246,4.750000,40554496.000000,0.000496,4.750000
1782896248,18481152.000000,0.000306,4.750000,40554496.000000,0.000451,4.750000
1782896278,18505728.000000,0.000302,4.750000,40558592.000000,0.000512,4.750000
1782896308,18505728.000000,0.000298,4.750000,40554496.000000,0.000585,4.750000
1782896338,18513920.000000,0.000201,4.750000,40554496.000000,0.000453,4.750000
1782896368,18509824.000000,0.000295,4.750000,40554496.000000,0.000499,4.750000
1782896398,18509824.000000,0.000261,4.750000,40554496.000000,0.000530,4.750000
1782896428,18513920.000000,0.000317,4.750000,40423424.000000,0.000658,4.750000
1782896458,18522112.000000,0.000255,4.750000,40427520.000000,0.000472,4.750000
1782896488,18522112.000000,0.000204,4.750000,40427520.000000,0.000355,4.781457
1782896518,18534400.000000,0.000332,4.750000,40427520.000000,0.000544,4.781457
1782896548,18530304.000000,0.000206,4.750000,40427520.000000,0.000523,4.781457
1782896578,18530304.000000,0.000289,4.750000,40427520.000000,0.000522,4.781457
1782896608,18530304.000000,0.000256,4.750000,40427520.000000,0.000552,4.781457
1782896638,18538496.000000,,4.750000,40431616.000000,0.000559,4.781457
1782896668,18538496.000000,0.000180,4.750000,40431616.000000,0.000510,4.813333
1782896698,18538496.000000,0.000229,4.750000,40435712.000000,0.000646,4.813333
1782896728,18538496.000000,0.000269,4.750000,40435712.000000,0.000504,4.813333
1782896758,18538496.000000,0.000206,4.750000,40435712.000000,0.000448,4.813333
1782896788,18546688.000000,0.000315,4.750000,41086976.000000,0.000669,4.781457
1782896818,18546688.000000,0.000182,4.750000,41086976.000000,0.000436,4.781457
1782896848,18546688.000000,,4.750000,41086976.000000,0.000593,4.813333
1782896878,18546688.000000,0.000249,4.750000,41091072.000000,0.000371,4.813333
1782896908,18550784.000000,0.000327,4.750000,41091072.000000,0.000593,4.813333
1782896938,18554880.000000,0.000171,4.750000,41091072.000000,0.000537,4.813333
1782896968,18554880.000000,0.000240,4.750000,41086976.000000,0.000550,4.813333
1782896998,18554880.000000,0.000238,4.750000,41086976.000000,0.000333,4.813333
1782897028,18554880.000000,0.000372,4.750000,40501248.000000,0.000593,4.845638
1782897058,18558976.000000,0.000189,4.750000,40501248.000000,0.000410,4.845638
1782897088,18563072.000000,0.000227,4.750000,40501248.000000,0.000473,4.845638
1782897118,18563072.000000,0.000287,4.750000,40505344.000000,0.000486,4.845638
1782897148,18563072.000000,0.000312,4.750000,40501248.000000,0.000519,4.845638
1782897178,18563072.000000,0.000143,4.750000,40501248.000000,0.000466,4.845638
1782897208,18567168.000000,,4.750000,40501248.000000,0.000631,4.878378
1782897238,18567168.000000,0.000239,4.750000,40501248.000000,0.000419,4.878378
1782897268,18567168.000000,0.000387,4.750000,40501248.000000,0.000641,4.845638
1782897298,18571264.000000,0.000249,4.750000,40501248.000000,0.000544,4.845638
1782897328,18567168.000000,0.000248,4.750000,40501248.000000,0.000461,4.845638
1782897358,18567168.000000,0.000248,4.750000,40505344.000000,0.000530,4.845638
1782897388,18575360.000000,0.000351,4.750000,40501248.000000,0.000701,4.878378
1782897418,18575360.000000,0.000254,4.750000,40501248.000000,0.000508,4.878377
1782897448,18575360.000000,0.000212,4.750000,40501248.000000,0.000431,4.845638
1782897478,18575360.000000,0.000224,4.750000,40501248.000000,0.000501,4.845638
1782897508,18575360.000000,0.000357,4.750000,40501248.000000,0.000283,4.813333
1782897538,18579456.000000,0.000277,4.750000,40501248.000000,0.000610,4.813336
1782897568,18579456.000000,0.000158,4.750000,40501248.000000,0.000511,4.845638
1782897598,18579456.000000,,4.750000,40505344.000000,0.000402,4.845638
1782897628,18579456.000000,0.000283,4.750000,40509440.000000,0.000510,4.813333
1782897658,18579456.000000,0.000323,4.750000,40509440.000000,0.000613,4.813333
1782897688,18587648.000000,0.000259,4.750000,40513536.000000,0.000464,4.781457
1782897718,18595840.000000,0.000279,4.750000,40513536.000000,0.000524,4.781457
1782897748,18591744.000000,0.000267,4.750000,40513536.000000,0.000420,4.781457
1782897778,18591744.000000,0.000314,4.750000,40513536.000000,0.000676,4.781457
1782897808,18595840.000000,0.000292,4.750000,40517632.000000,0.000383,4.781457
1782897838,18595840.000000,0.000211,4.750000,40513536.000000,0.000467,4.781457
1782897868,18595840.000000,,4.750000,40513536.000000,0.000595,4.781457
1782897898,18595840.000000,0.000338,4.750000,40517632.000000,0.000560,4.781457
1782897928,18595840.000000,0.000271,4.750000,40517632.000000,0.000550,4.813333
1782897958,18595840.000000,0.000227,4.750000,40513536.000000,0.000408,4.813333
1782897988,18595840.000000,0.000303,4.750000,40517632.000000,0.000534,4.813333
1782898018,18595840.000000,0.000303,4.750000,40513536.000000,0.000463,4.813333
1782898048,18599936.000000,0.000285,4.750000,40513536.000000,0.000573,4.845638
1782898078,18608128.000000,0.000274,4.750000,40513536.000000,0.000529,4.845638
1782898108,18604032.000000,0.000235,4.750000,40517632.000000,0.000473,4.845638
1782898138,18608128.000000,0.000319,4.750000,40513536.000000,0.000525,4.845638
1782898168,18612224.000000,0.000292,4.750000,40513536.000000,0.000485,4.813333
1782898198,18612224.000000,0.000154,4.750000,40513536.000000,0.000485,4.813334
1782898228,18608128.000000,,4.750000,40513536.000000,0.000425,4.781457
1782898258,18608128.000000,0.000308,4.750000,40513536.000000,0.000517,4.781457
1782898288,18620416.000000,0.000219,4.750000,40517632.000000,0.000588,4.781457
1782898318,18620416.000000,0.000302,4.750000,40521728.000000,0.000480,4.781457
1782898348,18620416.000000,0.000222,4.750000,40521728.000000,0.000412,4.781457
1782898378,18620416.000000,,4.750000,40517632.000000,0.000566,4.781457
1782898408,18624512.000000,0.000177,4.750000,40521728.000000,0.000521,4.813333
1782898438,18628608.000000,0.000230,4.750000,40521728.000000,0.000399,4.813333
1782898468,18628608.000000,0.000249,4.750000,40517632.000000,0.000589,4.845638
1782898498,18628608.000000,0.000306,4.750000,40517632.000000,0.000480,4.845637
1782898528,18628608.000000,0.000297,4.750000,40517632.000000,0.000577,4.845638
1782898558,18628608.000000,,4.750000,40517632.000000,0.000488,4.845638
1782898588,18628608.000000,,4.750000,40517632.000000,0.000399,4.845638
1782898618,18632704.000000,0.000281,4.750000,40517632.000000,0.000600,4.845638
1782898648,18628608.000000,0.000336,4.750000,40521728.000000,0.000599,4.813333
1782898678,18636800.000000,0.000236,4.750000,40521728.000000,0.000509,4.813333
1782898708,18898944.000000,0.000304,4.750000,40521728.000000,0.000466,4.813333
1782898738,18636800.000000,0.000184,4.750000,40517632.000000,0.000397,4.813333
1782898768,19218432.000000,0.000380,4.750000,40521728.000000,0.000637,4.781457
1782898798,19300352.000000,0.000265,4.750000,40517632.000000,0.000611,4.781457
1782898828,19300352.000000,0.000256,4.750000,40517632.000000,0.000534,4.813333
1782898858,19304448.000000,0.000258,4.750000,40517632.000000,0.000473,4.813333
1782898888,19353600.000000,0.000356,4.750000,40517632.000000,0.000652,4.813333
1782898918,19357696.000000,0.000300,4.750000,40517632.000000,0.000525,4.813333
1782898948,19398656.000000,0.000270,4.750000,40517632.000000,0.000509,4.813333
1782898978,19398656.000000,0.000196,4.750000,40521728.000000,0.000437,4.813333
1782899008,19410944.000000,,4.750000,40517632.000000,0.000632,4.813333
1782899038,19419136.000000,0.000283,4.750000,40517632.000000,0.000539,4.813333
1782899068,19423232.000000,0.000255,4.750000,40521728.000000,0.000283,4.813333
1782899098,19427328.000000,0.000265,4.750000,40517632.000000,0.000540,4.813333
1782899128,18841600.000000,0.000333,4.750000,40517632.000000,0.000542,4.781457
1782899158,18841600.000000,0.000258,4.750000,40517632.000000,0.000417,4.781457
1782899188,18841600.000000,0.000281,4.750000,40521728.000000,0.000412,4.781457
1782899218,18841600.000000,0.000309,4.750000,40517632.000000,0.000450,4.781457
1782899248,18841600.000000,0.000318,4.750000,40517632.000000,0.000701,4.813333
1782899278,18841600.000000,,4.750000,40517632.000000,0.000500,4.813333
1782899308,18841600.000000,0.000266,4.750000,40517632.000000,0.000545,4.781457
1782899338,18841600.000000,0.000273,4.750000,40521728.000000,0.000577,4.781457
1782899368,18845696.000000,,4.750000,40521728.000000,0.000512,4.813333
1782899398,19435520.000000,0.000226,4.750000,40521728.000000,0.000544,4.813333
1782899428,19435520.000000,0.000229,4.750000,40517632.000000,0.000468,4.813333
1782899458,19435520.000000,0.000284,4.750000,40529920.000000,0.000372,4.813333
1782899488,19439616.000000,0.000344,4.750000,40525824.000000,0.000568,4.845637
1782899518,19439616.000000,0.000181,4.750000,40525824.000000,0.000540,4.845638
1782899548,19439616.000000,0.000280,4.750000,40525824.000000,0.000551,4.813333
1782899578,19439616.000000,0.000309,4.750000,40525824.000000,0.000481,4.813334
1782899608,18964480.000000,0.000257,4.750000,40525824.000000,0.000555,4.845638
1782899638,18964480.000000,0.000221,4.750000,40529920.000000,0.000609,4.845638
1782899668,18964480.000000,0.000223,4.750000,40525824.000000,0.000535,4.845638
1782899698,18964480.000000,0.000217,4.750000,40529920.000000,0.000496,4.845638
1782899728,18964480.000000,0.000271,4.750000,40529920.000000,0.000508,4.845638
1782899758,18964480.000000,0.000322,4.750000,40525824.000000,0.000636,4.845638
1782899788,18972672.000000,0.000256,4.750000,40525824.000000,0.000480,4.813333
1782899818,18972672.000000,0.000248,4.750000,40525824.000000,0.000471,4.813333
1782899848,18972672.000000,0.000260,4.750000,40525824.000000,0.000538,4.813333
1782899878,18976768.000000,0.000336,4.750000,40525824.000000,0.000632,4.813333
1782899908,18972672.000000,0.000244,4.750000,40525824.000000,0.000329,4.781457
1782899938,18976768.000000,0.000266,4.750000,40525824.000000,0.000547,4.781457
1782899968,18980864.000000,0.000393,4.750000,40529920.000000,0.000490,4.781457
1782899998,18980864.000000,0.000184,4.750000,40529920.000000,0.000602,4.781457
1782900028,18976768.000000,0.000276,4.750000,40525824.000000,0.000624,4.781457
1782900058,18976768.000000,0.000237,4.750000,40529920.000000,0.000332,4.781457
1782900088,18976768.000000,0.000272,4.750000,40525824.000000,0.000632,4.813333
1782900118,18989056.000000,0.000322,4.750000,40525824.000000,0.000538,4.813333
1782900148,18997248.000000,0.000264,4.750000,40529920.000000,0.000526,4.845638
1782900178,19009536.000000,0.000258,4.750000,40525824.000000,0.000552,4.845638
1782900208,19009536.000000,0.000300,4.750000,40525824.000000,0.000426,4.845638
1782900238,19009536.000000,0.000350,4.750000,40525824.000000,0.000397,4.845638
1782900268,19009536.000000,0.000230,4.750000,40525824.000000,0.000649,4.813333
1782900298,19009536.000000,0.000251,4.750000,40525824.000000,0.000463,4.813333
1782900328,19009536.000000,0.000265,4.750000,40525824.000000,0.000493,4.813333
1782900358,19009536.000000,0.000353,4.750000,40525824.000000,0.000600,4.813333
1782900388,19009536.000000,0.000226,4.750000,40525824.000000,0.000612,4.813333
1782900418,19009536.000000,0.000247,4.750000,40525824.000000,0.000466,4.813333
1782900448,19009536.000000,0.000267,4.750000,40525824.000000,0.000505,4.781457
1782900478,19009536.000000,0.000345,4.750000,40525824.000000,0.000585,4.781457
1782900508,19009536.000000,0.000241,4.750000,40525824.000000,0.000689,4.781457
1782900538,19009536.000000,0.000285,4.750000,40529920.000000,0.000429,4.781457
1782900568,19009536.000000,0.000204,4.750000,40525824.000000,0.000554,4.781457
1782900598,19013632.000000,0.000262,4.750000,40525824.000000,0.000629,4.781457
1782900628,19013632.000000,0.000231,4.750000,40525824.000000,0.000582,4.813333
1782900658,19013632.000000,,4.750000,40525824.000000,0.000443,4.813333
1782900688,19017728.000000,0.000090,4.750000,40525824.000000,0.000440,4.781457
1782900718,19017728.000000,0.000134,4.750000,40525824.000000,0.000532,4.781457
1782900748,19017728.000000,,4.750000,40529920.000000,0.000537,4.781457
1782900778,19017728.000000,0.000233,4.750000,40525824.000000,0.000466,4.781457
1782900808,19017728.000000,0.000154,4.750000,40525824.000000,0.000527,4.813333
1782900838,19025920.000000,0.000292,4.750000,40525824.000000,0.000416,4.813333
1782900868,19025920.000000,0.000230,4.750000,40525824.000000,0.000685,4.813333
1782900898,19025920.000000,,4.750000,40525824.000000,0.000459,4.813333
1782900928,19030016.000000,0.000240,4.750000,40529920.000000,0.000522,4.813333
1782900958,19034112.000000,0.000264,4.750000,40525824.000000,0.000480,4.813333
1782900988,19611648.000000,0.000375,4.750000,40525824.000000,0.000827,4.845638
1782901018,19689472.000000,0.000297,4.750000,40525824.000000,0.000491,4.845638
1782901048,19689472.000000,0.000216,4.750000,40529920.000000,0.000495,4.878378
1782901078,19689472.000000,0.000240,4.750000,40525824.000000,0.000517,4.878378
1782901108,19689472.000000,0.000297,4.750000,40525824.000000,0.000716,4.845638
1782901138,19689472.000000,0.000243,4.750000,40525824.000000,0.000475,4.845638
1782901168,19689472.000000,0.000133,4.750000,40529920.000000,0.000456,4.878378
1782901198,19103744.000000,0.000188,4.750000,40525824.000000,0.000464,4.878378
1782901228,19103744.000000,0.000236,4.750000,40529920.000000,0.000560,4.878378
1782901258,19107840.000000,,4.750000,40525824.000000,0.000535,4.878378
1782901288,19103744.000000,0.000267,4.750000,40525824.000000,0.000502,4.845638
1782901318,19103744.000000,0.000195,4.750000,40525824.000000,0.000498,4.845638
1782901348,19107840.000000,,4.750000,40525824.000000,0.000682,4.813333
1782901378,19107840.000000,0.000231,4.750000,40525824.000000,0.000488,4.813333
1782901408,19107840.000000,0.000292,4.750000,40529920.000000,0.000469,4.813333
1782901438,19107840.000000,0.000244,4.750000,40525824.000000,0.000471,4.813333
1782901468,19107840.000000,,4.750000,40529920.000000,0.000596,4.781457
1782901498,19107840.000000,,4.750000,40529920.000000,0.000513,4.781457
1782901528,19107840.000000,0.000237,4.750000,40525824.000000,0.000512,4.781457
1782901558,19107840.000000,0.000254,4.750000,40525824.000000,0.000407,4.781457
1782901588,19111936.000000,0.000376,4.750000,40525824.000000,0.000650,4.781457
1782901618,19750912.000000,0.000262,4.750000,40525824.000000,0.000587,4.781457
1782901648,19755008.000000,0.000242,4.750000,40529920.000000,0.000519,4.781457
1782901678,19759104.000000,0.000302,4.750000,40525824.000000,0.000478,4.781457
1782901708,19759104.000000,,4.750000,40529920.000000,0.000643,4.813333
1782901738,19755008.000000,,4.750000,40529920.000000,0.000601,4.813333
1782901768,19759104.000000,0.000274,4.750000,40525824.000000,0.000485,4.845638
1782901798,19755008.000000,0.000297,4.750000,40529920.000000,0.000599,4.845638
1782901828,19755008.000000,0.000149,4.750000,40529920.000000,0.000438,4.878378
1782901858,19230720.000000,0.000339,4.750000,40525824.000000,0.000543,4.878379
1782901888,19230720.000000,0.000215,4.750000,40529920.000000,0.000549,4.878378
1782901918,19230720.000000,0.000269,4.750000,40525824.000000,0.000449,4.878378
1782901948,19230720.000000,0.000276,4.750000,40525824.000000,0.000370,4.878378
1782901978,19230720.000000,0.000326,4.750000,41115648.000000,0.000618,4.878378
1782902008,19230720.000000,0.000227,4.750000,41115648.000000,0.000441,4.845638
1782902038,19234816.000000,0.000283,4.750000,41115648.000000,0.000389,4.845637
1782902068,19234816.000000,0.000191,4.750000,41115648.000000,0.000550,4.845638
1782902098,19230720.000000,,4.750000,41115648.000000,0.000578,4.845638
1782902128,19230720.000000,0.000305,4.750000,41119744.000000,0.000638,4.813333
1782902158,19230720.000000,0.000197,4.750000,41115648.000000,0.000490,4.813333
1782902188,19230720.000000,0.000268,4.750000,41115648.000000,0.000509,4.845638
1782902218,19099648.000000,0.000320,4.750000,40595456.000000,0.000398,4.845638
1782902248,19103744.000000,0.000254,4.750000,40595456.000000,0.000597,4.878378
1782902278,19107840.000000,0.000296,4.750000,40595456.000000,0.000370,4.878378
1782902308,19107840.000000,0.000214,4.750000,40595456.000000,0.000483,4.911565
1782902338,19107840.000000,,4.750000,40595456.000000,0.000608,4.911565
1782902368,19107840.000000,0.000168,4.750000,40595456.000000,0.000632,4.911565
1782902398,19107840.000000,0.000270,4.750000,40595456.000000,0.000405,4.911565
1782902428,19116032.000000,0.000346,4.750000,40595456.000000,0.000486,4.878378
1782902458,19111936.000000,0.000235,4.750000,40595456.000000,0.000604,4.878379
1782902488,19111936.000000,0.000253,4.750000,41119744.000000,0.000574,4.845638
1782902518,19111936.000000,,4.750000,41119744.000000,0.000522,4.845638
1782902548,19111936.000000,,4.750000,41119744.000000,0.000485,4.813333
1782902578,19116032.000000,0.000335,4.750000,41123840.000000,0.000563,4.813333
1782902608,19116032.000000,0.000237,4.750000,41119744.000000,0.000559,4.781457
1782902638,19120128.000000,,4.750000,41119744.000000,0.000517,4.781457
1782902668,19120128.000000,0.000259,4.750000,41119744.000000,0.000509,4.750000
1782902698,19120128.000000,0.000340,4.750000,41119744.000000,0.000518,4.750000
1782902728,19714048.000000,0.000291,4.750000,40529920.000000,0.000619,4.750000
1782902758,19714048.000000,0.000180,4.750000,40529920.000000,0.000501,4.750000
1782902788,19714048.000000,0.000247,4.750000,40529920.000000,0.000653,4.781457
1782902818,19714048.000000,0.000267,4.750000,40538112.000000,0.000571,4.781457
1782902848,19714048.000000,0.000227,4.750000,40542208.000000,0.000550,4.781457
1782902878,19714048.000000,0.000280,4.750000,40534016.000000,0.000428,4.781457
1782902908,19718144.000000,0.000265,4.750000,40538112.000000,0.000516,4.781457
1782902938,19718144.000000,0.000306,4.750000,40542208.000000,0.000493,4.781457
1782902968,19193856.000000,0.000298,4.750000,40542208.000000,0.000651,4.813333
1782902998,19193856.000000,0.000201,4.750000,40542208.000000,0.000521,4.813333
1782903028,19193856.000000,0.000282,4.750000,40542208.000000,0.000585,4.845638
1782903058,19193856.000000,0.000332,4.750000,40546304.000000,0.000454,4.845638
1782903088,19193856.000000,0.000233,4.750000,40546304.000000,0.000694,4.845638
1782903118,19193856.000000,,4.750000,40546304.000000,0.000533,4.845637
1782903148,19193856.000000,0.000270,4.750000,40546304.000000,0.000532,4.878378
1782903178,19193856.000000,0.000221,4.750000,40546304.000000,0.000477,4.878378
1782903208,20291584.000000,,4.750000,40546304.000000,0.000709,4.878378
1782903238,20287488.000000,0.000242,4.750000,40550400.000000,0.000488,4.878378
1782903268,20287488.000000,0.000121,4.750000,40550400.000000,0.000452,4.845638
1782903298,20369408.000000,,4.750000,40546304.000000,0.000395,4.845638
1782903328,20045824.000000,0.000392,4.750000,40546304.000000,0.000657,4.845638
1782903358,20045824.000000,0.000266,4.750000,40550400.000000,0.000587,4.845638
1782903388,20045824.000000,0.000210,4.750000,40546304.000000,0.000529,4.813333
1782903418,20045824.000000,0.000291,4.750000,40546304.000000,0.000489,4.813333
1782903448,19259392.000000,0.000353,4.750000,40546304.000000,0.000532,4.781457
1782903478,19259392.000000,0.000255,4.750000,40546304.000000,0.000534,4.781457
1782903508,19259392.000000,0.000241,4.750000,40546304.000000,0.000383,4.781457
1782903538,19259392.000000,0.000250,4.750000,40546304.000000,0.000492,4.781457
1782903568,19259392.000000,0.000269,4.750000,40546304.000000,0.000730,4.813333
1782903598,19259392.000000,0.000264,4.750000,40546304.000000,0.000544,4.813333
1782903628,19271680.000000,0.000300,4.750000,40546304.000000,0.000474,4.781457
1782903658,19271680.000000,0.000241,4.750000,40546304.000000,0.000475,4.781457
1782903688,19271680.000000,0.000276,4.750000,40546304.000000,0.000444,4.781457
1782903718,19267584.000000,0.000269,4.750000,40546304.000000,0.000630,4.781457
1782903748,19267584.000000,,4.750000,40546304.000000,0.000504,4.781457
1782903778,19267584.000000,,4.750000,40546304.000000,0.000508,4.781457
1782903808,19267584.000000,0.000305,4.750000,40546304.000000,0.000554,4.781457
1782903838,19271680.000000,0.000264,4.750000,40554496.000000,0.000567,4.781457
1782903868,19279872.000000,0.000290,4.750000,40550400.000000,0.000512,4.750000
1782903898,19279872.000000,0.000255,4.750000,40550400.000000,0.000510,4.750000
1782903928,19279872.000000,,4.750000,40550400.000000,0.000380,4.781457
1782903958,19279872.000000,,4.750000,40554496.000000,0.000690,4.781457
1782903988,19283968.000000,0.000248,4.750000,40550400.000000,0.000532,4.813333
1782904018,19283968.000000,0.000271,4.750000,40550400.000000,0.000352,4.813333
1782904048,19283968.000000,0.000298,4.750000,40554496.000000,0.000534,4.845638
1782904078,19283968.000000,0.000233,4.750000,40554496.000000,0.000619,4.845638
1782904108,19283968.000000,0.000255,4.750000,40554496.000000,0.000462,4.878378
1782904138,19283968.000000,0.000242,4.750000,40554496.000000,0.000411,4.878379
1782904168,19283968.000000,0.000249,4.750000,40554496.000000,0.000563,4.911565
1782904198,19288064.000000,0.000292,4.750000,40554496.000000,0.000552,4.911565
1782904228,19288064.000000,0.000229,4.750000,40558592.000000,0.000597,4.911565
1782904258,19288064.000000,0.000256,4.750000,40558592.000000,0.000514,4.911565
1782904288,19288064.000000,0.000130,4.750000,40558592.000000,0.000478,4.911565
1782904318,19288064.000000,,4.750000,40562688.000000,0.000609,4.911565
1782904348,19288064.000000,0.000241,4.750000,40558592.000000,0.000539,4.911565
1782904378,19288064.000000,0.000275,4.750000,40558592.000000,0.000415,4.911565
1782904408,19296256.000000,0.000300,4.750000,40558592.000000,0.000479,4.911565
1782904438,19296256.000000,,4.750000,40558592.000000,0.000478,4.911564
1782904468,19296256.000000,,4.750000,40558592.000000,0.000664,4.911565
1782904498,19296256.000000,0.000259,4.750000,40558592.000000,0.000465,4.911565
1782904528,19296256.000000,0.000199,4.750000,40558592.000000,0.000559,4.878378
1782904558,19296256.000000,0.000343,4.750000,40562688.000000,0.000514,4.878378
1782904588,19296256.000000,0.000239,4.750000,40558592.000000,0.000555,4.845638
1782904618,19296256.000000,0.000199,4.750000,40558592.000000,0.000471,4.845638
1782904648,19296256.000000,0.000234,4.750000,40558592.000000,0.000529,4.845638
1782904678,19296256.000000,0.000273,4.750000,40562688.000000,0.000382,4.845638
1782904708,19296256.000000,0.000242,4.750000,40558592.000000,0.000634,4.845638
1782904738,19296256.000000,0.000266,4.750000,40558592.000000,0.000527,4.845638
1782904768,19296256.000000,0.000231,4.750000,40558592.000000,0.000523,4.813333
1782904798,19296256.000000,0.000392,4.750000,40562688.000000,0.000352,4.813333
1782904828,19746816.000000,0.000274,4.750000,40558592.000000,0.000621,4.813333
1782904858,19746816.000000,0.000288,4.750000,40558592.000000,0.000572,4.813334
1782904888,19746816.000000,0.000196,4.750000,40558592.000000,0.000504,4.845638
1782904918,19746816.000000,,4.750000,40558592.000000,0.000486,4.845638
